{
	"info": {
		"_postman_id": "8f6078d6-110c-4f82-ada9-b8bf52a0f072",
		"name": "BCNActivaM12",
		"schema": "https://schema.getpostman.com/json/collection/v2.1.0/collection.json"
	},
	"item": [
		{
			"name": "Nivell1Fase1Req1",
			"request": {
				"method": "GET",
				"header": [],
				"url": {
					"raw": "https://restcountries.eu/rest/v2/lang/es",
					"protocol": "https",
					"host": [
						"restcountries",
						"eu"
					],
					"path": [
						"rest",
						"v2",
						"lang",
						"es"
					]
				}
			},
			"response": []
		}
	]
}